power_setting_mW,power_at_sample_mW,intensity_at_camera
0,0,99.7607383728027
5,1.71,99.7390394210815
10,3.4,99.754730463028
15,5.1,99.7626159191132
20,6.8,99.7476017475128
25,8.5,99.7477250099182
30,10.2,99.7393324375153
35,11.9,99.7525005340576
40,13.6,99.7525765895844
45,15.2,117.897350072861
50,16.9,119.266085147858
55,18.6,120.614419698715
60,20.2,122.000776052475
65,21.8,123.40956902504
70,23.5,124.812640190125
75,25.2,126.175510406494
80,26.8,127.650121927261
85,28.4,129.136893987656
90,30.1,130.526981830597
95,31.7,132.000247478485
100,33.3,133.433869123459
105,34.9,134.759669780731
110,36.4,136.104626893997
115,38,137.478112697601
120,39.5,138.886806249619
125,41.1,140.384217500687
130,42.7,141.827480316162
135,44.2,143.110771417618
140,45.7,144.536364555359
145,47.3,145.984620571136
150,48.7,147.46314406395
155,50.1,148.934994220734
160,51.7,150.148473262787
165,53.2,151.453087568283
